z,pre,pre_high_h,auto_0.425,auto_0.85,non_0.425,non_0.85
0.0,0.357619235359082,0.12609375,0.26625,0.425,0.425,0.85
0.0025,0.3586376872706843,0.12746601562499993,0.266921875,0.42606249999999996,0.425,0.85
0.005,0.3596561391822866,0.12884454691416036,0.26759374999999996,0.427125,0.425,0.85
0.0075,0.36068087250092407,0.1302230782033208,0.26827190640703513,0.42818749999999994,0.425,0.85
0.01,0.36170560581956157,0.1316079067217003,0.26895006281407036,0.42924999999999996,0.425,0.85
0.0125,0.3627366522695122,0.13299904837139287,0.2696345323524187,0.4303125,0.425,0.85
0.015,0.3637676987194628,0.13439651913500972,0.27031900189076696,0.431375,0.425,0.85
0.0175,0.36480509034707836,0.1358003350762913,0.27100981660678025,0.4324375,0.425,0.85
0.02,0.36584248197469393,0.1372041510175731,0.27170063132279354,0.4335,0.425,0.85
0.0225,0.3668862511533299,0.1386143445098752,0.27239782358982717,0.43456249999999996,0.425,0.85
0.025,0.36793002033196587,0.14003093186407,0.2730950158568609,0.435625,0.425,0.85
0.0275,0.3689801997670121,0.14145392947467494,0.27379861838030484,0.43668749999999995,0.425,0.85
0.03,0.3700303792020584,0.14288335382049844,0.27450222090374876,0.43775,0.425,0.85
0.0325,0.3710870019360737,0.14431277816632182,0.2752122667261618,0.4388125,0.425,0.85
0.035,0.372143624670089,0.1457486624604657,0.27592231254857474,0.439875,0.425,0.85
0.0375,0.3732067240880421,0.14719102343854729,0.2766388350549256,0.4409375,0.425,0.85
0.04,0.3742698235059953,0.1486398779231225,0.27735535756127644,0.442,0.425,0.85
0.0425,0.37533943334061504,0.1500887324076977,0.27807188006762723,0.44306249999999997,0.425,0.85
0.045,0.37640904317523494,0.15154411430741654,0.2787949299891217,0.444125,0.425,0.85
0.0475,0.3774851975124725,0.1530060407097531,0.27951797991061617,0.44518749999999996,0.425,0.85
0.05,0.3785613518497102,0.15447452879187984,0.28024759151190065,0.44625,0.425,0.85
0.0525,0.3796440851343162,0.1559495958213749,0.28097720311318514,0.4473125,0.425,0.85
0.055,0.38072681841892225,0.15742466285086998,0.28171341102053826,0.448375,0.425,0.85
0.0575,0.381816165460142,0.15890634363697875,0.2824496189278913,0.4494375,0.425,0.85
0.06,0.38290551250136184,0.1603946557228223,0.2831924581349791,0.4505,0.425,0.85
0.0625,0.3839948595425816,0.16188961674483604,0.2839352973420669,0.4515625,0.425,0.85
0.065,0.38509087325046804,0.16338457776684978,0.2846848032158214,0.45262499999999994,0.425,0.85
0.0675,0.38618688695835457,0.16488622328084213,0.2854343090895759,0.45368749999999997,0.425,0.85
0.07,0.38728960307910965,0.16639457120770318,0.28619051737619905,0.45475,0.425,0.85
0.0725,0.3883923191998647,0.16790963956467175,0.28694672566282214,0.4558125,0.425,0.85
0.075,0.38950177386509416,0.16942470792164022,0.28770967249391965,0.456875,0.425,0.85
0.0775,0.3906112285303237,0.17094653303536556,0.2884726193250172,0.4579375,0.425,0.85
0.08,0.39172745826330385,0.1724751332168415,0.2892423412238654,0.45899999999999996,0.425,0.85
0.0825,0.39284368799628405,0.17401052687657836,0.2900120631227136,0.4600625,0.425,0.85
0.085,0.393966729718365,0.17554592053631524,0.29078178502156177,0.46112499999999995,0.425,0.85
0.08750000000000001,0.395089771440446,0.17708814479714496,0.2915583375215029,0.4621875,0.425,0.85
0.09,0.39621966247759544,0.17863721837304314,0.29233489002144397,0.46325,0.425,0.85
0.0925,0.39734955351474494,0.18019316008080954,0.2931183106532532,0.4643125,0.425,0.85
0.095,0.39847944455189444,0.18174910178857584,0.2939017312850624,0.465375,0.425,0.85
0.0975,0.399616241666392,0.18331194957369035,0.2946920579942197,0.4664375,0.425,0.85
0.1,0.4007530387808895,0.184881722566561,0.29548238470337695,0.46749999999999997,0.425,0.85
0.10250000000000001,0.40189678033983156,0.18645844000387612,0.2962796558569787,0.4685625,0.425950961437796,0.85
0.105,0.40304052189877354,0.18803515744119137,0.2970769270105804,0.46962499999999996,0.42701377213016983,0.85
0.1075,0.404191246697939,0.18961885811872992,0.29788118140440567,0.4706875,0.42808356606276715,0.85
0.11,0.40534197149710444,0.1912095615973889,0.2986854357982308,0.47175,0.4291533599953644,0.85
0.1125,0.40649971876818003,0.19280728754795806,0.299489690192056,0.4728125,0.4302301763998719,0.85
0.115,0.40765746603925557,0.19440501349852712,0.3003009868394023,0.473875,0.4313069928043792,0.85
0.11750000000000001,0.4088152133103311,0.1960098015959889,0.3011122834867487,0.4749375,0.43239087135577925,0.85
0.12,0.4099800427343811,0.19762167184642532,0.3019306622870695,0.476,0.43347474990717927,0.85
0.1225,0.4111448721584312,0.1992335420968615,0.3027490410873903,0.4770625,0.4345586284585794,0.85
0.125,0.41231682408960374,0.20085253485442023,0.3035745423948336,0.47812499999999997,0.43564962951710196,0.85
0.1275,0.41348877602077627,0.20247867046912182,0.3044000437022769,0.4791875,0.4367406305756245,0.85
0.13,0.4146678912757311,0.20411196940760568,0.3052255450097203,0.48025,0.4378387949579293,0.85
0.1325,0.41584700653068596,0.20574526834608964,0.3060582302252096,0.48131250000000003,0.4389369593402341,0.85
0.135,0.41703332639659174,0.20738577189552454,0.30689091544069896,0.482375,0.44004232833348983,0.85
0.1375,0.4182196462624975,0.20903350087848538,0.30773082608971425,0.48343749999999996,0.4411476973267457,0.85
0.14,0.41940596612840336,0.21068122986144633,0.3085707367387296,0.4845,0.4422603126968131,0.85
0.14250000000000002,0.42059955343616967,0.2123362262862677,0.3094179148296054,0.4855625,0.44337292806688056,0.85
0.145,0.42179314074393587,0.2139985113408267,0.31026509292048116,0.486625,0.44448554343694796,0.85
0.1475,0.4229940379932226,0.2156607963953856,0.3111195809528774,0.4876875,0.4456054687485358,0.85
0.15,0.4241949352425094,0.21733041282824372,0.31197406898527363,0.48875,0.4467253940601237,0.85
0.1525,0.42540318543297256,0.21900738220227822,0.31282855701766993,0.4898125,0.447852672312888,0.85
0.155,0.4266114356234358,0.22068435157631283,0.31369041968133465,0.490875,0.4489799505656524,0.85
0.1575,0.42781968581389906,0.22236871740005149,0.3145522823449993,0.49193749999999997,0.45011462526812085,0.85
0.16,0.4290353544019884,0.22406050162141633,0.31542156340629013,0.493,0.4512492999705893,0.85
0.1625,0.4302510229900777,0.22575972631897157,0.31629084446758093,0.49406249999999996,0.4523839746730578,0.85
0.165,0.43147415426473423,0.2274589510165269,0.31716012552887174,0.495125,0.4535261120620935,0.85
0.1675,0.4326972855393907,0.22916566074402234,0.3180368916201027,0.4961875,0.45466824945112905,0.85
0.17,0.43392041681404725,0.23087987797902532,0.3189136577113336,0.49725,0.4558178943476722,0.85
0.17250000000000001,0.43515107820918564,0.23259409521402818,0.31979795392304644,0.4983125,0.45696753924421535,0.85
0.17500000000000002,0.4363817396043241,0.23431586531912185,0.3206822501347593,0.499375,0.4581171841407585,0.85
0.1775,0.43761997675703823,0.23604521118179111,0.3215741221040479,0.5004375,0.4592744047948774,0.85
0.18,0.4388582139097523,0.2377745570444605,0.3224659940733365,0.5015,0.4604316254489963,0.85
0.1825,0.44010407301368604,0.23951152485834937,0.3233578660426251,0.5025625,0.46159646805433474,0.85
0.185,0.44134993211761975,0.24125613793217715,0.3242573832718526,0.503625,0.46276131065967324,0.85
0.1875,0.44259579122155335,0.2430007510060047,0.32515690050108,0.5046875,0.46392615326501163,0.85
0.19,0.4438493426331793,0.24475305638752465,0.32606411003799973,0.5057499999999999,0.46509868817804234,0.85
0.1925,0.44510289404480535,0.24651307781842746,0.3269713195749195,0.5068125,0.46627122309107305,0.85
0.195,0.4463641853945119,0.24827309924933016,0.3278785291118393,0.5078750000000001,0.4674514979421843,0.85
0.1975,0.4476254767442183,0.2500408846553882,0.32879350262391427,0.5089375,0.46863177279329554,0.85
0.2,0.44888676809392475,0.2518164582234399,0.3297084761359893,0.51,0.4698198358064005,0.85
0.2025,0.45015587194363127,0.2535920317914917,0.3306312621480644,0.5110625,0.47100789881950555,0.85
0.20500000000000002,0.4514249757933378,0.2553754423501391,0.3315540481601394,0.5121249999999999,0.4721959618326106,0.85
0.20750000000000002,0.45270194127826435,0.2571588529087865,0.3324768341722144,0.5131875,0.47339188648093566,0.85
0.21,0.45397890676319097,0.2589501499027651,0.33340750661962065,0.51425,0.4745878111292608,0.85
0.2125,0.4552558722481176,0.2607493582891488,0.33433817906702695,0.5153125000000001,0.47578373577758587,0.85
0.215,0.4565407742409807,0.2625485666755324,0.3352767880223697,0.516375,0.47698759693384746,0.85
0.2175,0.45782567623384374,0.2643557368453555,0.33621539697771247,0.5174375,0.47819145809010916,0.85
0.22,0.4591185654471541,0.2661708942356259,0.3371540059330552,0.5185,0.47940330646681806,0.85
0.2225,0.4604114546604645,0.2679860516258964,0.33810062770891086,0.5195624999999999,0.48061515484352696,0.85
0.225,0.4617043438737749,0.2698092476013758,0.3390472494847664,0.520625,0.4818270032202359,0.85
0.2275,0.46300529760321435,0.27164050809298435,0.34000193577675103,0.5216875000000001,0.48304691611307393,0.85
0.23,0.46430625133265374,0.27347176858459277,0.34095662206873567,0.52275,0.4842668290059118,0.85
0.2325,0.46560720506209324,0.27531114595931816,0.3419113083607203,0.5238125,0.48549485878186666,0.85
0.23500000000000001,0.4669163021140082,0.27715052333404344,0.34287413797518046,0.524875,0.4867228885578215,0.85
0.23750000000000002,0.4682253991659233,0.2789980706434093,0.3438369675896407,0.5259375,0.4879509183337763,0.85
0.24,0.46954269293914974,0.28085381467408654,0.34479979720410087,0.5269999999999999,0.4891871448310426,0.85
0.2425,0.47085998671237617,0.282709558704764,0.34577085050277157,0.5280624999999999,0.4904233713283089,0.85
0.245,0.4721772804856028,0.28457355356052394,0.3467419038014423,0.5291250000000001,0.4916678486506577,0.85
0.2475,0.4735028524045247,0.28644582656197914,0.34772123524580845,0.5301875,0.49291232597300655,0.85
0.25,0.4748284243234465,0.28831809956343435,0.3487005666901745,0.53125,0.49415680329535533,0.85
0.2525,0.47616232957570165,0.29019870589822283,0.3496798981345406,0.5323125,0.49540961395103744,0.85
0.255,0.47749623482795683,0.2920793122330114,0.3506675907829201,0.5333749999999999,0.4966624246067196,0.85
0.2575,0.47883014008021213,0.293968307829545,0.35165528343129954,0.5344375,0.4979152352624019,0.85
0.26,0.4801724628408848,0.29586572093449603,0.352642976079679,0.5355,0.4991764634265015,0.85
0.2625,0.48151478560155747,0.297763134039447,0.3536391146740044,0.5365624999999999,0.500437691590601,0.85
0.265,0.48285710836223017,0.2996690217206692,0.3546352532683298,0.537625,0.5017073943309719,0.85
0.2675,0.4842079345242635,0.30157490940189147,0.3556398952640158,0.5386875,0.5029770970713427,0.85
0.27,0.48555876068629666,0.3034893295063218,0.3566445372597017,0.53975,0.5042467998117135,0.85
0.2725,0.4869095868483298,0.3054123112545879,0.35764917925538764,0.5408124999999999,0.5055250641959199,0.85
0.275,0.4882690040756552,0.3073352930028539,0.3586624123163657,0.541875,0.5068033285801263,0.85
0.2775,0.4896284213029805,0.3092668954407751,0.3596756453773438,0.5429375000000001,0.5080815929643329,0.85
0.28,0.49099648904933696,0.31119849787869625,0.3606888784383218,0.544,0.5093685078675705,0.85
0.28250000000000003,0.4923645567956934,0.31313878087217295,0.3617107920548554,0.5450625,0.510655422770808,0.85
0.28500000000000003,0.4937326245420499,0.31507906386564977,0.362732705671389,0.546125,0.5119423376740456,0.85
0.28750000000000003,0.4951094335471477,0.31702808811786787,0.36375461928792263,0.5471875,0.5132379938360245,0.85
0.29,0.4964862425522454,0.31898588429991037,0.3647853048342808,0.54825,0.5145336499980033,0.85
0.2925,0.49786305155734306,0.320943680481953,0.3658159903806389,0.5493125,0.5158293061599821,0.85
0.295,0.4992486944847022,0.32291031058625697,0.3668555098492585,0.550375,0.5171337962442224,0.85
0.2975,0.5006343374120614,0.32487694069056106,0.36789502931787815,0.5514375,0.5184382863284629,0.85
0.3,0.5020199803394207,0.32685246759201825,0.36893454878649784,0.5525,0.5197516732098563,0.85
0.3025,0.5034145518382085,0.32883692306490386,0.36998299682654606,0.5535625,0.5210650600912496,0.85
0.305,0.5048091233369962,0.3308213785377895,0.37103144486659423,0.5546249999999999,0.5223784469726429,0.85
0.3075,0.506203694835784,0.3328148268164306,0.3720798929066425,0.5556875,0.5237008266597918,0.85
0.31,0.50760729160533,0.3348082750950716,0.37313736621744886,0.5567500000000001,0.5250232063469404,0.85
0.3125,0.5090108883748758,0.3368107813447271,0.3741948395282552,0.5578125,0.5263455860340892,0.85
0.315,0.5104144851444217,0.33881328759438256,0.3752523128390615,0.558875,0.5276770566303288,0.85
0.3175,0.5118272060015588,0.3408249179316294,0.3763189102374591,0.5599375,0.5290085272265685,0.85
0.32,0.513239926858696,0.3428365482688762,0.3773855076358567,0.5609999999999999,0.5303399978228082,0.85
0.3225,0.5146618388923037,0.3448573697825936,0.3784521050342543,0.5620624999999999,0.5316806595955184,0.85
0.325,0.5160837509259115,0.3468874163885619,0.3795279275249028,0.563125,0.5330213213682287,0.85
0.3275,0.5175056629595192,0.3489174629945302,0.38060375001555136,0.5641875000000001,0.534361983140939,0.85
0.33,0.5189368686734244,0.3509568032807959,0.3816795725061999,0.56525,0.5357119385939466,0.85
0.3325,0.5203680743873293,0.35299614356706155,0.3827647233550573,0.5663125,0.5370618940469543,0.85
0.335,0.5217992801012346,0.35504484714920737,0.38384987420391475,0.567375,0.5384118494999619,0.85
0.3375,0.5232398843113804,0.3570935507313533,0.3849350250527722,0.5684374999999999,0.5397712034492101,0.85
0.34,0.5246804885215262,0.3591516882757634,0.3860296098638939,0.5695,0.5411305573984585,0.85
0.3425,0.5261210927316717,0.36120982582017325,0.38712419467501546,0.5705625,0.5424899113477067,0.85
0.34500000000000003,0.5275712026452395,0.3632774690680053,0.38821877948613703,0.571625,0.543858771000377,0.85
0.34750000000000003,0.5290213125588072,0.36534511231583733,0.3893229062819915,0.5726875,0.5452276306530475,0.85
0.35000000000000003,0.5304714224723751,0.36742233410773073,0.390427033077846,0.57375,0.5465964903057178,0.85
0.3525,0.531921532385943,0.3694995558996239,0.39153115987370035,0.5748221153846154,0.5479749653430035,0.85
0.355,0.5333812948091632,0.3715864302011699,0.3926449391792073,0.5758942307692307,0.5493534403802891,0.85
0.3575,0.5348410572323834,0.37368299442519637,0.3937587184847142,0.5769663461538461,0.5507319154175748,0.85
0.36,0.5363008196556038,0.37577955864922286,0.3948724977902212,0.5780481891649207,0.5521201180813198,0.85
0.3625,0.5377703477038241,0.37788588849824944,0.3959960427207282,0.5791300321759952,0.5535083207450646,0.85
0.365,0.5392398757520445,0.3799922183472758,0.3971195876512351,0.5802118751870697,0.5548965234088095,0.85
0.3675,0.5407094038002647,0.38210839071598746,0.39824313258174204,0.5813035607178293,0.5562945685922394,0.85
0.37,0.5421888132714099,0.384224563084699,0.39937655893517393,0.5823952462485888,0.5576926137756693,0.85
0.3725,0.5436682227425551,0.3863506560883312,0.40050998528860576,0.5834869317793485,0.5590906589590992,0.85
0.375,0.5451476322137003,0.3884767490919633,0.4016434116420376,0.5845885774694706,0.5604887041425289,0.85
0.3775,0.5466370416848455,0.3906128420955953,0.4027779605797411,0.5856902231595926,0.5618967493259588,0.85
0.38,0.5481264511559907,0.3927489350992276,0.40392142258544494,0.5867918688497149,0.5633047945093888,0.85
0.3825,0.549615860627136,0.39489510874802103,0.40506488459114887,0.5879035951849984,0.5647128396928186,0.85
0.385,0.5511153915557709,0.39704128239681447,0.4062083465968527,0.5890153215202818,0.5661310063337384,0.85
0.3875,0.552614922484406,0.3991976186472339,0.40736197120418255,0.5901270478555651,0.567549172974658,0.85
0.39,0.5541144534130411,0.40135395489765335,0.4085155958115124,0.5912489782724812,0.5689673396155779,0.85
0.3925,0.5556242302433156,0.40352053704971225,0.4096692204188423,0.5923709086893973,0.570395752158137,0.85
0.395,0.55713400707359,0.4056871192017709,0.41083313309201575,0.5934928391063133,0.5718241647006961,0.85
0.3975,0.5586437839038644,0.4078640319323421,0.41199704576518925,0.5946147695232293,0.5732525772432552,0.85
0.4,0.5601535607341388,0.4100409446629133,0.41316095843836276,0.5957470733841288,0.5746913632297976,0.85
0.4025,0.5616737542310799,0.41222827406015117,0.41433528777820294,0.5968793772450283,0.5761301492163402,0.85
0.405,0.563193947728021,0.41441560345738904,0.4155096171180431,0.5980116811059277,0.5775689352028828,0.85
0.40750000000000003,0.564714141224962,0.4166134370563075,0.4166839464578832,0.5991544891685079,0.5790077211894252,0.85
0.41000000000000003,0.5662448832451099,0.41881127065522616,0.4178582757977234,0.600297297231088,0.5804570556991746,0.85
0.41250000000000003,0.5677756252652577,0.42101969747448365,0.4190431983579026,0.6014401052936682,0.5819063902089239,0.85
0.41500000000000004,0.5693063672854055,0.4232281242937411,0.4202281209180817,0.6025935516541207,0.583355724718673,0.85
0.4175,0.5708371093055534,0.4254365511129987,0.4214130434782608,0.6037469980145731,0.5848157429891061,0.85
0.42,0.572378580939435,0.42765570754599,0.42260869565217385,0.6049004443750255,0.5862757612595391,0.85
0.4225,0.5739200525733169,0.42987486397898156,0.4238043478260869,0.606053890735478,0.587735779529972,0.85
0.425,0.5754615242071988,0.4321048429227955,0.425,0.607218159606753,0.5892066203112276,0.85
0.4275,0.5770138654062978,0.43433482186660943,0.4275,0.6083824284780279,0.590677461092483,0.85
0.43,0.5785662066053969,0.4365757178409909,0.43,0.6095466973493029,0.5921483018737386,0.85
0.4325,0.5801185478044961,0.4388166138153726,0.4325,0.6107219311328587,0.5936191426549942,0.85
0.435,0.5816819022194544,0.4410685230056134,0.435,0.6118971649164143,0.5951009966521088,0.85
0.4375,0.5832452566344124,0.44332043219585393,0.4375,0.61307239869997,0.5965828506492232,0.85
0.44,0.5848086110493707,0.44558345249720566,0.44,0.6142476324835257,0.5980647046463379,0.85
0.4425,0.5863719654643289,0.4478464727985575,0.4425,0.6154340269813671,0.5995465586434524,0.85
0.445,0.587946530641619,0.4501207038622411,0.445,0.6166204214792085,0.6010396234028988,0.85
0.4475,0.589521095818909,0.45239493492592464,0.4475,0.6178068159770499,0.6025326881623452,0.85
0.45,0.5910956609961988,0.45466916598960827,0.45,0.6189932104748912,0.6040257529217915,0.85
0.4525,0.5926702261734889,0.45695476068965557,0.4525,0.6201909686090963,0.6055301813176015,0.85
0.455,0.594256206875893,0.4592403553897028,0.455,0.6213887267433014,0.6070346097134116,0.85
0.4575,0.5958421875782971,0.46153741797965825,0.4575,0.6225864848775063,0.6085390381092217,0.85
0.46,0.5974281682807013,0.46383448056961374,0.46,0.6237957637490386,0.6100434665050317,0.85
0.4625,0.5990257230571796,0.4661431172336434,0.4625,0.6250050426205709,0.6115594689749159,0.85
0.465,0.6006232778336579,0.46845175389767296,0.465,0.626214321492103,0.6130754714448,0.85
0.4675,0.6022208326101361,0.47077207280469313,0.4675,0.6274236003636353,0.614591473914684,0.85
0.47000000000000003,0.6038183873866143,0.4730923917117133,0.47000000000000003,0.6286446163243694,0.6161074763845681,0.85
0.47250000000000003,0.6054277346159228,0.4754127106187335,0.47250000000000003,0.6298656322851035,0.6176352713072824,0.85
0.47500000000000003,0.6070370818452313,0.477744877866986,0.47500000000000003,0.6310866482458377,0.6191630662299967,0.85
0.47750000000000004,0.6086464290745397,0.48007704511523847,0.47750000000000004,0.6323076642065717,0.6206908611527111,0.85
0.48,0.610255776303848,0.4824211740859789,0.48,0.6335406418897938,0.6222306177979134,0.85
0.4825,0.6118771427639256,0.48476530305671933,0.4825,0.6347736195730159,0.6237703744431158,0.85
0.485,0.6134985092240033,0.4871215093221459,0.485,0.6360065972562381,0.6253101310883181,0.85
0.4875,0.615119875684081,0.48947771558757236,0.4875,0.6372395749394603,0.6268498877335205,0.85
0.49,0.6167412421441586,0.49183392185299885,0.49,0.6384847477446336,0.6284018395006741,0.85
0.4925,0.618374863506197,0.49420238302038605,0.4925,0.6397299205498069,0.6299537912678275,0.85
0.495,0.6200084848682355,0.49657084418777336,0.495,0.6409750933549803,0.6315057430349811,0.85
0.4975,0.6216421062302739,0.49895168159278447,0.4975,0.6422326423977773,0.6330576948021347,0.85
0.5,0.6232757275923124,0.5013325189977954,0.5,0.6434901914405745,0.6346220843802335,0.85
0.5025000000000001,0.6249218489543509,0.5037133564028065,0.5025000000000001,0.6447477404833717,0.6361864739583323,0.85
0.505,0.6265679703163893,0.5061067566218878,0.505,0.6460052895261688,0.6377508635364312,0.85
0.5075000000000001,0.6282140916784278,0.5085001568409693,0.5075000000000001,0.6472754648315922,0.63931525311453,0.85
0.51,0.6298602130404661,0.5109062474153805,0.51,0.6485456401370155,0.6408923330479588,0.85
0.5125,0.6315190895045454,0.5133123379897918,0.5125,0.6498158154424389,0.6424694129813875,0.85
0.515,0.6331779659686247,0.5157184285642031,0.515,0.6510859907478623,0.6440464929148163,0.85
0.5175,0.6348368424327039,0.5181374057365525,0.5175,0.6523561660532857,0.6456235728482451,0.85
0.52,0.6364957188967832,0.520556382908902,0.52,0.6536392947265848,0.6472136061495496,0.85
0.5225,0.6381676161941958,0.5229883809145848,0.5225,0.6549224233998838,0.6488036394508541,0.85
0.525,0.6398395134916084,0.5254203789202676,0.525,0.6562055520731829,0.6503936727521584,0.85
0.5275,0.641511410789021,0.5278523769259504,0.5275,0.6574886807464819,0.6519837060534628,0.85
0.53,0.6431833080864336,0.5302976024448608,0.53,0.6587850369330085,0.6535869668679948,0.85
0.5325,0.6448685032561866,0.532742827963771,0.5325,0.6600813931195351,0.6551902276825267,0.85
0.535,0.6465536984259397,0.5352014224666386,0.5375000000000001,0.6613777493060616,0.6567934884970587,0.85
0.5375,0.6482388935956926,0.5376600169695062,0.5425251256281407,0.6626741054925881,0.6583967493115905,0.85
0.54,0.6499240887654457,0.5401186114723737,0.5475756306786458,0.6639839751926282,0.6600000101261225,0.85
0.5425,0.6516228708917204,0.5425907929317629,0.5526517728106254,0.6652938448926682,0.6616168578971762,0.85
0.545,0.6533216530179953,0.5450629743911523,0.5577538136269521,0.6666037145927083,0.6632337056682298,0.85
0.5475,0.6550204351442699,0.5475351558505415,0.5628820187551571,0.6679135842927484,0.6648505534392836,0.85
0.55,0.6567192172705447,0.550021149464627,0.568036657930415,0.6692372661474846,0.6664674012103372,0.85
0.5525,0.6584179993968196,0.5525071430787123,0.5732180050806741,0.6705609480022208,0.6680981378702797,0.85
0.555,0.6601307480035412,0.555,0.5784399371955568,0.671884629856957,0.6697288745302223,0.85
0.5575,0.6618434966102629,0.5574999999999999,0.5836892810275776,0.6732083117116932,0.671359611190165,0.85
0.56,0.6635562452169846,0.56,0.5889663258824589,0.6745319935664293,0.6729903478501076,0.85
0.5625,0.6652689938237063,0.5625,0.5942713656702572,0.6758698799666201,0.6746210845100501,0.85
0.5650000000000001,0.6669960281447138,0.5650000000000001,0.5996046990035907,0.6772077663668108,0.6762661068842785,0.85
0.5675,0.6687230624657211,0.5675,0.6049666292984968,0.6785456527670015,0.6779111292585067,0.85
0.5700000000000001,0.6704500967867285,0.5700000000000001,0.6103574648780117,0.6798835391671924,0.6795561516327351,0.85
0.5725,0.6721771311077358,0.5725,0.6157775190785535,0.6812237107299701,0.6812011740069632,0.85
0.5750000000000001,0.6739041654287433,0.5750000000000001,0.6212419999528705,0.682576203649678,0.6828608162642325,0.85
0.5775,0.6756459056321036,0.5775,0.6267365054473759,0.6839286965693857,0.6845204585215017,0.85
0.58,0.677387645835464,0.58,0.6322613673258288,0.6852811894890934,0.6861801007787709,0.85
0.5825,0.6791293860388243,0.5825,0.6378169228813846,0.6866336824088013,0.6878397430360401,0.85
0.585,0.6808711262421846,0.585,0.6434035150601554,0.6880011453883892,0.6894993852933093,0.85
0.5875,0.682612866445545,0.5875,0.649037317877057,0.6893686083679773,0.6911740877915424,0.85
0.59,0.6843697581640568,0.59,0.6547030402566602,0.6907360713475653,0.6928487902897755,0.85
0.5925,0.6861266498825687,0.5925,0.6604010459546661,0.6921035343271533,0.6945234927880086,0.85
0.595,0.6878835416010805,0.595,0.6661481723914475,0.6934709973067413,0.6961981952862417,0.85
0.5975,0.6896404333195923,0.5975,0.6719285192122568,0.6948538923850948,0.6978728977844747,0.85
0.6,0.6913973250381041,0.6,0.6777424727006288,0.6962367874634482,0.6995631282330184,0.85
0.6025,0.693169841756616,0.6025,0.6835904259170033,0.6976196825418017,0.7012533586815619,0.85
0.605,0.6949423584751278,0.605,0.6894901309317523,0.6990025776201552,0.7029435891301056,0.85
0.6075,0.6967148751936397,0.6075,0.6954248490326427,0.7003854726985086,0.7046338195786492,0.85
0.61,0.6984873919121515,0.61,0.7014128729847383,0.701784291343741,0.7063240500271929,0.85
0.6125,0.7002599086306635,0.6125,0.7074369693702806,0.7031831099889734,0.7080303061167622,0.85
0.615,0.7020485543814333,0.615,0.7134975754308865,0.7045819286342059,0.7097365622063314,0.85
0.6175,0.7038372001322033,0.6175,0.719613783381957,0.7059807472794383,0.7114428182959007,0.85
0.62,0.7056258458829732,0.62,0.7257676295358031,0.7073795659246707,0.71314907438547,0.85
0.6225,0.7074144916337431,0.6225,0.7319788096600268,0.7087948319383243,0.7148553304750392,0.85
0.625,0.709203137384513,0.625,0.7382288096600267,0.7102100979519776,0.7165781428559992,0.85
0.6275000000000001,0.7110084498019497,0.6275000000000001,0.7445379579250111,0.7116253639656311,0.7183009552369592,0.85
0.63,0.7128137622193862,0.63,0.7508871642742173,0.7130406299792846,0.7200237676179192,0.85
0.6325000000000001,0.7146190746368228,0.6325000000000001,0.7572974206844739,0.7144558959929381,0.7217465799988793,0.85
0.635,0.7164243870542593,0.635,0.7637490335876996,0.7158711620065916,0.7234693923798392,0.85
0.6375000000000001,0.7182296994716959,0.6375000000000001,0.7702636915681558,0.7173035513079165,0.7251922047607993,0.85
0.64,0.7200522532684428,0.64,0.7768426389365767,0.7187359406092411,0.7269322585210696,0.85
0.6425,0.7218748070651897,0.6425,0.7834651554928679,0.7201683299105658,0.7286723122813399,0.85
0.645,0.7236973608619366,0.645,0.7901541187035703,0.7216007192118905,0.7304123660416103,0.85
0.6475,0.7255199146586835,0.6475,0.796910875460327,0.7230331085132152,0.7321524198018806,0.85
0.65,0.7273424684554305,0.65,0.8037135965487625,0.7244832283109939,0.7338924735621509,0.85
0.6525,0.7291650222521774,0.6525,0.8105864487824394,0.7259333481087724,0.7356503844652784,0.85
0.655,0.7310055616604352,0.655,0.817530893226884,0.7273834679065511,0.7374082953684059,0.85
0.6575,0.7328461010686929,0.6575,0.824548437086533,0.7288335877043297,0.7391662062715334,0.85
0.66,0.7346866404769505,0.66,0.8316155748957206,0.7302837075021082,0.7409241171746609,0.85
0.6625,0.7365271798852082,0.6625,0.8387584320385776,0.7317338272998869,0.7426820280777884,0.85
0.665,0.738367719293466,0.665,0.8459786486450759,0.7332024656161841,0.7444399389809159,0.85
0.6675,0.7402082587017237,0.6675,0.8532779187180685,0.7346711039324811,0.7462165066004612,0.85
0.67,0.7420675951024627,0.67,0.8606579925188066,0.7361397422487783,0.7479930742200067,0.85
0.6725,0.7439269315032015,0.6725,0.8681206790859706,0.7376083805650755,0.7497696418395521,0.85
0.675,0.7457862679039404,0.6755769230769231,0.8756678488972915,0.7390770188813727,0.7515462094590974,0.85
0.6775,0.7476456043046794,0.6786615577405051,0.883301436683551,0.7405456571976697,0.7533227770786428,0.85
0.68,0.7495049407054184,0.6817617321253143,0.8910234444055589,0.7420336753589282,0.7550993446981883,0.85
0.6825,0.7513642771061572,0.6848697352333174,0.8988359444055587,0.7435216935201865,0.7568954435677336,0.85
0.685,0.7532432985462663,0.6879856067036194,0.9067410827454798,0.7450097116814449,0.7586915424372791,0.85
0.6875,0.7551223199863751,0.6911093864771453,0.9147696045630808,0.7464977298427032,0.7604876413068244,0.85
0.6900000000000001,0.7570013414264842,0.694249103902577,0.9228996858638939,0.7479857480039617,0.7622837401763699,0.85
0.6925,0.7588803628665932,0.6973968512958487,0.9311301385387909,0.74947376616522,0.7640798390459153,0.85
0.6950000000000001,0.7607593843067022,0.7005526698362826,0.9394634718721243,0.7509821095297304,0.7658759379154607,0.85
0.6975,0.7626384057468112,0.7037166010207792,0.9479380481433105,0.7524904528942408,0.7676720367850061,0.85
0.7000000000000001,0.7645174271869203,0.706896883270829,0.9565217391304351,0.7539987962587512,0.7694887968115763,0.85
0.7025,0.7664172819603625,0.7100854045940653,0.965217391304348,0.7555071396232615,0.7713055568381464,0.85
0.705,0.7683171367338049,0.7132822077908685,0.9739130434782608,0.757015482987772,0.7731223168647166,0.85
0.7075,0.7702169915072472,0.7164957044769501,0.9826086956521741,0.7585238263522824,0.7749390768912868,0.85
0.71,0.7721168462806896,0.7197176134580213,0.9913043478260869,0.7600321697167928,0.776755836917857,0.85
0.7125,0.7740167010541319,0.7229479788931112,1.0000000000000002,0.7615620648054412,0.7785725969444273,0.85
0.715,0.7759165558275742,0.7261868452898722,1.008695652173913,0.7630919598940895,0.7804110961014322,0.85
0.7175,0.777838340425578,0.7294428485458755,1.0173913043478262,0.7646218549827378,0.7822495952584372,0.85
0.72,0.7797601250235817,0.73270748841529,1.0260869565217392,0.7661517500713861,0.7840880944154421,0.85
0.7225,0.7816819096215855,0.7359808108375486,1.0347826086956524,0.7676816451600346,0.7859265935724472,0.85
0.725,0.7836036942195892,0.7392716376577871,1.0434782608695652,0.7692115402486828,0.7877650927294522,0.85
0.7275,0.7855254788175929,0.7425712870700372,1.0521739130434784,0.7707414353373312,0.7896035918864571,0.85
0.73,0.7874472634155967,0.7458798065075888,1.0608695652173914,0.7722942662057961,0.7914420910434621,0.85
0.7325,0.7893690480136004,0.7492062098339922,1.0695652173913046,0.7738470970742609,0.793280590200467,0.8501785017501262
0.735,0.7912908326116042,0.7525416278035565,1.0782608695652174,0.7753999279427257,0.7951424538434533,0.8514151512664802
0.7375,0.7932362021152684,0.7558861094089077,1.0869565217391308,0.7769527588111906,0.7970043174864396,0.8526518007828341
0.74,0.7951815716189323,0.7592488668700258,1.0956521739130436,0.7785055896796554,0.7988661811294259,0.8538884502991881
0.7425,0.7971269411225965,0.7626208373652841,1.1043478260869568,0.7800584205481204,0.8007280447724122,0.8551250998155421
0.745,0.7990723106262606,0.766002071515749,1.1130434782608696,0.7816112514165852,0.8025899084153985,0.856361749331896
0.7475,0.8010176801299248,0.769401986517874,1.121739130434783,0.7831640822850501,0.8044517720583848,0.8576229086521716
0.75,0.8029630496335889,0.772811319567096,1.1304347826086958,0.7847416656287624,0.806313635701371,0.8588840679724471
0.7525000000000001,0.804908419137253,0.7762301229858996,1.139130434782609,0.7863192489724748,0.8082004993443573,0.8601452272927226
0.755,0.8068790411661696,0.7796680258651429,1.1478260869565218,0.7878968323161871,0.8100873629873436,0.8614063866129982
0.7575000000000001,0.8088496631950862,0.7831155587244407,1.1565217391304352,0.7894744156598995,0.8119742266303299,0.8626675459332737
0.76,0.8108202852240028,0.7865727756648037,1.165217391304348,0.7910519990036119,0.8138610902733162,0.8639287052535491
0.7625000000000001,0.8127909072529196,0.7900495249042648,1.1739130434782612,0.7926295823473243,0.8157479539163025,0.8651898645738247
0.765,0.814761529281836,0.793536123291713,1.1826086956521742,0.7942071656910367,0.8176348175592888,0.8664510238941002
0.7675000000000001,0.8197866549099768,0.7970425883366398,1.1913043478260874,0.795784749034749,0.8195216812022751,0.8677387789590566
0.77,0.8248371599604817,0.8005590718531232,1.2000000000000002,0.7973892140988915,0.8214085448452614,0.869026534024013
0.7725,0.8299133020924613,0.8040856312536081,1.208695652173913,0.7989936791630339,0.8232954084882477,0.8703142890889694
0.775,0.835015342908788,0.807632516644874,1.2173913043478264,0.8005981442271765,0.8252097446587066,0.8716020441539257
0.7775,0.8401435480369931,0.8111896531499874,1.2260869565217392,0.8022026092913189,0.8271240808291653,0.8728897992188821
0.78,0.8452981872122508,0.8147674706812933,1.2347826086956524,0.8038070743554615,0.8290384169996241,0.8741775542838385
0.7825,0.8504795343625098,0.8183557191675009,1.2434782608695654,0.8054115394196039,0.8309527531700829,0.8754653093487949
0.785,0.8556878676958433,0.8219650130993758,1.2521739130434786,0.8070160044837464,0.8328670893405418,0.8767530644137512
0.7875,0.8609234697900839,0.8255849226016381,1.2608695652173914,0.8086204695478889,0.8347814255110005,0.8780408194787076
0.79,0.8661866276848208,0.8292262516867542,1.2695652173913046,0.8102249346120314,0.8366957616814594,0.8793579863083699
0.7925,0.8714776329758259,0.8328783859026866,1.2782608695652176,0.8118591615809359,0.8386100978519182,0.8806751531380321
0.795,0.8768109663091593,0.8365413895656905,1.2869565217391308,0.8134933885498402,0.8405244340223771,0.8819923199676944
0.7975,0.8821728966040653,0.8402263273823647,1.2956521739130435,0.8151276155187446,0.8424692579977139,0.8833094867973567
0.8,0.8875637321835802,0.8439223310783686,1.3043478260869568,0.816761842487649,0.8444140819730508,0.884626653627019
0.8025,0.892983786384122,0.8476406671229885,1.3130434782608698,0.8183960694565533,0.8463589059483876,0.8859438204566812
0.805,0.898433377664776,0.8513702708525922,1.321739130434783,0.8200302964254578,0.8483037299237246,0.8872609872863435
0.8075,0.9039128297195704,0.8551226160683519,1.3304347826086957,0.8216645233943621,0.8502485538990618,0.8885781541160057
0.81,0.9094376915980235,0.8588864363459338,1.339130434782609,0.8232987503632665,0.8558351460778328,0.889895320945668
0.8125,0.9149932471535788,0.8626734185944545,1.347826086956522,0.8249329773321709,0.8614531236059226,0.8912124877753302
0.8150000000000001,0.9205798393323498,0.8664720890597916,1.3565217391304352,0.8265672043010753,0.8671028411200472,0.8925629879383259
0.8175,0.9261978168604394,0.8702943537516213,1.365217391304348,0.8282352150537635,0.8728008468180527,0.8939134881013214
0.8200000000000001,0.9318635392400431,0.8741285258100925,1.3739130434782612,0.8299032258064517,0.8785315058438408,0.8952639882643171
0.8225,0.9375615449380487,0.8779867365648549,1.3826086956521741,0.8315712365591399,0.8842951946046478,0.8966144884273126
0.8250000000000001,0.9432922039638367,0.8818692893433067,1.3913043478260874,0.8332392473118281,0.8900922960539231,0.8979649885903083
0.8275,0.9490558927246434,0.8857641286811839,1.4000000000000001,0.8349072580645162,0.8959402492702973,0.8993154887533038
0.8300000000000001,0.9548698462130156,0.8896837759129331,1.4086956521739133,0.8365752688172043,0.9018226022114739,0.9006659889162995
0.8325,0.9607177994293898,0.8936159459792885,1.4173913043478263,0.8382432795698925,0.9077397619747873,0.902016489079295
0.835,0.9666001523705661,0.8975734033129515,1.4260869565217391,0.8399112903225807,0.9137099112285186,0.9033669892422906
0.8375,0.9725348704714563,0.9015436266380136,1.4347826086956523,0.8415793010752689,0.9197159172345248,0.9047174894052863
0.84,0.9785050197251874,0.9055396306340175,1.4434782608695653,0.843247311827957,0.9257765232951308,0.9060679895682818
0.8425,0.9845291161107297,0.9095617523031981,1.4521739130434785,0.8449153225806452,0.9318740842707407,0.9074575522312774
0.845,0.9905897221713356,0.9135970612565398,1.4608695652173913,0.8465833333333334,0.9380279304245867,0.9088471148942731
0.8475,0.9966872831469455,0.9176590059125439,1.4695652173913045,0.8482916666666667,0.9442198808889832,0.9102366775572687
0.85,1.0028411293007917,0.9217344007164154,1.4782608695652175,0.85,0.9504504104839986,0.9116262402202642
0.8525,1.009033079765188,0.9258369648189796,1.4869565217391307,0.857692307692308,0.9567397186600993,0.9130158028832598
0.855,1.015283079765188,0.9299670629088092,1.4956521739130435,0.8654744088596228,0.9630889250093058,0.9144053655462554
0.8575,1.0215723879412888,0.9341110670528134,1.5043478260869567,0.8733484246076545,0.9694787013671333,0.915794928209251
0.86,1.027921594290495,0.9382831661401666,1.5130434782608697,0.881316552097694,0.9759303142703588,0.9171844908722466
0.8625,1.034311370648323,0.942483743719584,1.521739130434783,0.8893810682267262,0.9824238207638656,0.9185740535352422
0.865,1.0407629835515486,0.9466987068386565,1.5304347826086957,0.8975443335328485,0.9889811978130458,0.9199636161982379
0.8675,1.0472776415320049,0.9509427386688954,1.539130434782609,0.9058430887195708,0.9955818578790525,0.9213531788612335
0.87,1.053835018581185,0.9552162429423996,1.547826086956522,0.9142464500641085,1.002248524545719,0.922742741524229
0.8725,1.060457535137476,0.9595196318611732,1.5565217391304351,0.9227570883619809,1.0089825312797258,0.9241323041872246
0.875,1.0671242018041427,0.9638381203901878,1.565217391304348,0.9314150970199896,1.015762192296675,0.9255218668502202
0.8775000000000001,1.0738582085381494,0.9681871282727647,1.5739130434782613,0.9401870268445514,1.0226115073651687,0.9269614295132158
0.88,1.0806609296265846,0.9725670899480999,1.582608695652174,0.9491155982731226,1.029531922590082,0.9284009921762114
0.8825000000000001,1.0875337818602617,0.9769626943437043,1.5913043478260873,0.9582065073640321,1.0365249295830894,0.929840554839207
0.885,1.094454197085175,0.9813899217925145,1.6,0.9674230972257831,1.0435920673922767,0.9312801175022026
0.8875000000000001,1.1014472040781822,0.9858492305996496,1.6086956521739135,0.9768127685872855,1.0507095051146966,0.9327196801651982
0.89,1.1085143418873695,0.9903410891061065,1.6173913043478263,0.9863821465777162,1.0579037497190131,0.9341592428281937
0.8925000000000001,1.1156571990302266,0.9948659759839346,1.6260869565217395,0.996138244138692,1.0651764769917407,0.9355988054911895
0.895,1.122877415636725,0.9994075598613117,1.6347826086956525,1.006039234237702,1.0725294181682115,0.937038368154185
0.8975,1.1301766857097175,1.003982910161569,1.6434782608695653,1.016140244338712,1.0799643624061295,0.9384779308171806
0.9,1.1375296268861883,1.0085925327487197,1.6521739130434785,1.0265029386392301,1.0874831593986107,0.9399174934801762
0.9025,1.1449645711241065,1.0132369449403016,1.6608695652173913,1.0370849492212404,1.0950877221362532,0.9413570561431718
0.905,1.1524833681165878,1.017916675855774,1.6695652173913047,1.0478957600320515,1.1027800298285608,0.9427966188061674
0.9075,1.1600879308542305,1.0226322667782615,1.6782608695652175,1.0589454837889574,1.1105621309958758,0.944236181469163
0.91,1.1678099385762382,1.0273842715302663,1.6869565217391307,1.070309120152594,1.1184361467439072,0.9456757441321586
0.9125,1.175622438576238,1.0321546949053406,1.6956521739130437,1.0819943357662214,1.1264361467439072,0.9471153067951541
0.915,1.183527576916159,1.036962387213033,1.704347826086957,1.0939703836704133,1.1345333127358104,0.9485548694581498
0.9175,1.1915275769161588,1.0418079353656675,1.7130434782608697,1.1063160626827588,1.1427300340472857,0.9499944321211453
0.92,1.199624742908062,1.0466919402496724,1.7217391304347829,1.119054916185944,1.1510287892340079,0.9514339947841409
0.9225,1.2078214642195373,1.0516150171727492,1.7304347826086959,1.1322128109227856,1.1594676077994084,0.9528735574471365
0.925,1.2161547975528708,1.0565777963290768,1.7391304347826089,1.145911441059772,1.1680146163464171,0.9543131201101321
0.9275,1.2245936161182716,1.0615809232834232,1.7478260869565216,1.1600958382228923,1.176672625004426,0.9557526827731277
0.93,1.2331773071053962,1.0666250594751006,1.7565217391304353,1.1749106530377074,1.1854831976916507,0.9572784523326751
0.9325,1.2418729592793087,1.071710882742742,1.765217391304348,1.1904145290066992,1.1944518075571213,0.9588042218922224
0.935,1.2506835319665337,1.0768390878709473,1.773913043478261,1.206674691608326,1.203542716648031,0.9603299914517698
0.9375,1.259652141832004,1.0820103871598934,1.7826086956521738,1.2239160709186703,1.2128019759072899,0.961855761011317
0.9400000000000001,1.2687845619233287,1.0872255110190852,1.7913043478260875,1.2422646947718814,1.2222359381714414,0.9633815305708644
0.9425,1.2780438211825875,1.092507782395777,1.8000000000000005,1.262066674969901,1.2318053161618714,0.9649073001304117
0.9450000000000001,1.2874777834467386,1.0978357877237823,1.8086956521739133,1.2835720513139877,1.2415614137228472,0.966433069689959
0.9475,1.2970931680621232,1.1032103258494121,1.817391304347826,1.3073815751235105,1.251511662479066,0.9679588392495063
0.9500000000000001,1.3068970896307508,1.1086322167338583,1.8260869565217397,1.334408602150538,1.261663946743026,0.9694846088090536
0.9525,1.3168970896307504,1.1141023022039436,1.8347826086956527,1.366666666666667,1.2720266410435435,0.9710103783686009
0.9550000000000001,1.3271011712634038,1.119621446736541,1.8434782608695655,1.400000000000001,1.2826086516255546,0.9725361479281484
0.9575,1.3375178379300698,1.1252158523309466,1.8521739130434782,1.4333333333333336,1.2934782168429457,0.9740619174876955
0.96,1.34815613580241,1.130861582747319,1.8608695652173912,1.4666666666666663,1.3045893279540568,0.9755876870472429
0.9625,1.3590257010198015,1.1365595884453248,1.8695652173913049,1.5000000000000004,1.3160178993826281,0.9771134566067903
0.965,1.3701988853773426,1.1423108465330314,1.8782608695652177,1.533333333333333,1.3277138058153766,0.9786392261663375
0.9675,1.3816274568059141,1.1481438760627436,1.8869565217391304,1.566666666666667,1.339761998586461,0.9801649957258849
0.97,1.3933921626882668,1.1540327240568546,1.8956521739130434,1.5999999999999996,1.3521843588349083,0.9816907652854322
0.9725,1.4055133748094792,1.1599784691330346,1.904347826086957,1.6333333333333337,1.365004871655421,0.9832165348449795
0.975,1.4180133748094792,1.166011651636805,1.9130434782608698,1.6666666666666665,1.3782499047680041,0.9847423044045268
0.9775,1.4309166006159308,1.1721045686208114,1.9217391304347826,1.7000000000000006,1.3920430082162805,0.9862680739640741
0.98,1.4442499339492638,1.1782893386246769,1.9304347826086956,1.7333333333333332,1.4063287225019947,0.9877938435236214
0.9825,1.4580430373975404,1.1845368981717288,1.9391304347826093,1.7666666666666673,1.4212540956363235,0.9893196130831688
0.985,1.4724315266061732,1.1908810694643537,1.947826086956522,1.7999999999999998,1.4368790956363233,1.0089274562204233
0.9875,1.487469120591136,1.1972913258746103,1.956521739130435,1.833333333333334,1.4534080212561586,1.030204051965105
0.99,1.5032171520871989,1.2038033323866166,1.9652173913043478,1.8666666666666665,1.4707993256039844,1.0537334637298106
0.9925,1.5198838187538655,1.2103849860270939,1.9739130434782615,1.9000000000000006,1.489490914389032,1.0804001303964779
0.995,1.5374276784029877,1.2170739492377962,1.9826086956521742,1.9333333333333333,1.5094909143890316,1.111650130396477
0.9975,1.5562956029312898,1.2238737792420462,1.9913043478260872,1.9666666666666675,1.5314689363670537,1.1516501303964777
1.0,1.5764976231333097,1.2307692307692308,2.0,2.0,1.555859180269492,1.2206156476378551
